Name, TotalSnowfall, mcnt
CLAY CTR 6 ESE, M, 22
OMAHA EPPLEY AIRFIELD, M, 247
CHADRON MUNI AP, M, 3614
CHADRON 3 SW, M, 276
BURWELL, M, 60
FALLS CITY BRENNER FLD, M, 1544
HASTINGS 2.3 N, M, 3594
KENESAW 2.4 W, M, 3617
CEDAR RAPIDS 4.1 SSW, M, 3581
PETERSBURG 7.9 W, M, 3595
JUNIATA 1.5 S, M, 3600
JUNIATA 6.0 SSW, M, 3556
HOLSTEIN 0.1 NW, M, 3591
AYR 3.5 NE, M, 3594
ROSELAND 2.8 SW, M, 3408
HASTINGS 5.4 WSW, M, 3607
LONG PINE 0.4 W, M, 3603
PLEASANTON 1.4 ENE, M, 3474
AMHERST 3.1 WNW, M, 3632
RISING CITY 3.1 WNW, M, 3523
IMPERIAL 7.3 WNW, M, 3587
VENANGO 11.5 SE, M, 3611
LAMAR 1.7 SSW, M, 3470
IMPERIAL 5.4 WNW, M, 3488
IMPERIAL 10.4 NW, M, 3642
MULLEN 21.4 N, M, 3624
THEDFORD 11.8 NNE, M, 3646
DALTON 0.2 NE, M, 3510
SIDNEY 17.9 E, M, 3636
SIDNEY 9.1 ESE, M, 3598
LODGEPOLE 6.9 NW, M, 3583
SIDNEY 9.9 ENE, M, 3599
DALTON 7.6 WSW, M, 3612
POTTER 3.9 NE, M, 3638
POTTER 6.6 ESE, M, 3529
SIDNEY 17.2 WSW, M, 3616
OCONTO 0.9 ESE, M, 3553
ANSLEY 0.4 E, M, 3515
ANSELMO 6.1 E, M, 3633
BROKEN BOW 12.3 S, M, 3607
CHAPPELL 0.2 N, M, 3591
BIG SPRINGS 0.8 W, M, 3621
BENKELMAN 10.4 E, M, 3600
NORTH PLATTE 1.9 WNW, M, 3567
SUTHERLAND 10.6 S, M, 3482
NORTH PLATTE 3.1 SSW, M, 3618
NORTH PLATTE 4.6 S, M, 3599
STAPLETON 8.1 SSE, M, 3552
NORTH PLATTE 12.7 NE, M, 3585
NORTH PLATTE 4.8 NE, M, 3546
NORTH PLATTE 6.2 N, M, 3609
NORTH PLATTE 5.9 WSW, M, 3557
SUTHERLAND 1.4 W, M, 3396
STAPLETON 9.1 NNW, M, 3599
STAPLETON 0.2 SE, M, 3631
BURWELL 8.2 WNW, M, 3631
STAPLETON 17.1 NW, M, 3581
SUTHERLAND 35.0 NNW, M, 3617
PALMER 0.2 ESE, M, 3434
SILVER CREEK 0.3 N, M, 3641
CHAPMAN 3.4 SW, M, 3633
BURCHARD 6.3 NNW, M, 3642
GRANT 10.2 W, M, 3538
VENANGO 0.2 WSW, M, 3497
GRANT 5.0 SE, M, 3611
FUNK 6.7 NNW, M, 3491
STROMSBURG 6.1 W, M, 3542
MCCOOK 1.5 ESE, M, 3653
MCCOOK 0.8 WNW, M, 3637
FRIEND 1.2 E, M, 3620
TOBIAS 4.9 NE, M, 3636
CRETE 2.4 NE, M, 3645
WILBER 0.3 WNW, M, 3643
MINATARE 3.2 NE, M, 3477
LYMAN 0.2 ENE, M, 3537
MITCHELL 2.3 WNW, M, 3610
GERING 1.0 ESE, M, 3632
HEBRON 0.8 SW, M, 3425
BRUNING 2.0 SW, M, 3502
ALEXANDRIA 0.1 WNW, M, 3517
THEDFORD 11.4 WSW, M, 3619
ORD 1.4 NW, M, 3527
BURWELL 8.3 S, M, 3560
ORD 9.1 SSE, M, 3609
LAWRENCE 3.8 SSW, M, 3556
YORK 0.9 SW, M, 3602
YORK 4.6 WNW, M, 3604
EXETER 7.3 NNE, M, 3566
GRESHAM 1.7 WNW, M, 3596
BRADSHAW 6.4 N, M, 3592
HENDERSON 2.5 N, M, 3639
HENDERSON 4.6 ENE, M, 3502
GORDON 3 W, M, 2718
CHAPPELL, M, 2148
GRANT 2 N, M, 2766
GROSS 1 E, M, 2290
BAYARD 4 NNE, M, 2630
MCCOOK, M, 31
WAUNETA, M, 271
ENDERS LAKE, M, 478
STERLING, M, 37
WILBER 3 W, M, 3633
ELWOOD 8 S, M, 32
FIRTH, M, 1533
GENEVA, M, 148
MINDEN, 228.5, 10
BERTRAND, M, 38
STOCKVILLE, 164.2, 3
HAYES CENTER, 281.8, 6
IMPERIAL MUNI AP, M, 3555
IMPERIAL, M, 419
HALLAM 2 N, M, 3321
HASTINGS 4 N, 295.4, 0
LAMAR, M, 714
HICKMAN, 312.7, 5
SPRAGUE, M, 2055
CRETE, M, 3644
FAIRMONT, M, 124
CURTIS 3 NNE, M, 1606
CRETE, M, 169
NEBRASKA CITY 2NW, M, 263
SYRACUSE, M, 26
ROCA 6NNE, M, 727
FRIEND 3E, M, 37
EUSTIS 2 NW, 261.6, 4
MOOREFIELD, M, 63
BENNET, M, 1555
KEARNEY MUNI AP, M, 3288
KEARNEY 4 NE, 217.1, 1
MC COOL JUNCTION, M, 402
GIBBON 3 ENE, M, 3641
WELLFLEET, 199.4, 2
UNION 2 SE, M, 3600
LINCOLN UNIV PWR PLT, M, 2358
EMERALD 1 W, M, 2884
WOOD RIVER 1 NNW, M, 1405
RIVERDALE 2 NW, M, 3628
COZAD 2 S, M, 3570
WALLACE 2 W, M, 24
WEEPING WATER, M, 95
LINCOLN MUNI AP, M, 248
YORK, M, 46
BRADSHAW, 288.4, 1
AURORA, M, 38
MADRID, M, 155
MALCOLM, 270.1, 1
SEWARD, 223.6, 5
UTICA, 205.1, 9
CAIRO 5 S, M, 3642
MILLER, M, 29
GOTHENBURG, M, 303
RAYMOND 2NE, M, 31
STAPLEHURST, M, 3320
GRESHAM 3W, M, 29
GRAND ISLAND AP, M, 269
RAVENNA, M, 34
ASHLAND 2, 242.6, 10
VALPARAISO, M, 2817
ULYSSES, M, 1349
SURPRISE, M, 17
POLK, M, 13
OCONTO, M, 205
NORTH PLATTE EXP FM, M, 65
BIG SPRINGS, M, 1764
CENTRAL CITY, M, 193
NORTH PLATTE RGNL AP, 236.4, 5
PAXTON, M, 207
OGALLALA, M, 62
SIDNEY MUNI AP, M, 3614
SIDNEY 6 NNW, M, 128
MEAD 6 S, M, 17
ITHACA, M, 3581
OSCEOLA, 275.3, 1
HERSHEY 5 SSE, M, 295
LODGEPOLE, M, 24
WAHOO, M, 386
SAINT PAUL, M, 24
MASON CITY, M, 25
KINGSLEY DAM, M, 444
POTTER, M, 242
KIMBALL 2NE, 313.2, 4
BOYS TOWN, M, 1418
WATERLOO, M, 1803
MALMO 3 E, M, 3644
DAVID CITY, M, 11
ASHTON, M, 3582
LOUP CITY, M, 168
SCOTTSBLUFF 1 E, M, 2593
BRIDGEPORT 18WSW, M, 2565
BROADWATER 3WNW, M, 2621
FT CALHOUN 4W, M, 2602
BUSHNELL 15S, M, 2677
ORCHARD 9 NNE, M, 2739
BELGRADE, M, 2800
SCOTTSBLUFF 10 N, M, 3177
PLAINSVIEW RCH, M, 2931
DALTON 13W, M, 3066
ANGORA 8 NE, M, 2996
SALEM 5SW, M, 3011
HARRISON 9 NE, M, 3088
AGATE 5N, M, 3158
STANTON 7 NE, M, 3104
HARRISON 4 NW, M, 3203
CHADRON 3 NE, M, 3168
WESTON 3NW, M, 3348
BARADA 3SW, M, 3470
HUMPHREY, M, 3492
PLATTSMOUTH 1E, 291.1, 7
TRYON, M, 1669
Scottsbluff Area, M, 63
Grand Island Area, M, 269
North Platte Area, 236.4, 5
Lincoln Area, M, 248
Norfolk Area, 251.0, 1
Omaha Area, M, 247
Valentine Area, M, 35
OMAHA #1, M, 804
OMAHA WSFO, M, 808
MULLEN 15S, M, 3511
YORK 3N, M, 3429
HASTINGS MUNI AP, M, 2671
CANADAY STEAM PLT, M, 308
JANSEN 3 NE, M, 2195
HUBBELL, 289.5, 2
HARDY, M, 60
SUPERIOR 4E, 236.4, 4
HAIGLER, M, 214
BARNESTON, M, 22
GUIDE ROCK, M, 30
RIVERTON, M, 3620
NAPONEE, 172.4, 6
HARLAN CO LAKE, M, 46
BENKELMAN, 257.6, 0
PAWNEE CITY, M, 199
WYMORE, M, 108
FAIRBURY, M, 78
RED CLOUD, 231.6, 6
ORLEANS 2 W, 253.2, 8
STAMFORD 2E, M, 3645
BEAVER CITY, M, 15
WILSONVILLE, M, 62
HEBRON, M, 149
TRENTON DAM, 215.0, 6
STRATTON, M, 11
TABLE ROCK 4 N, 203.1, 2
NELSON, M, 15
MC COOK #2, M, 366
CULBERTSON, M, 15
VIRGINIA, 224.7, 5
BEATRICE, M, 3471
EDISON, M, 3649
CAMBRIDGE, M, 119
PRAGUE, 299.6, 4
BRUNING, 231.6, 1
DEWEESE 4 SE, 258.4, 1
BLUE HILL 4 SW, M, 31
UPLAND, 208.0, 1
RAGAN, M, 131
AUBURN 5 ESE, 300.9, 3
TECUMSEH, M, 274
ATLANTA 2 WNW, M, 1784
MEDICINE CREEK DAM, M, 83
RED WILLOW DAM, M, 57
PALISADE, M, 13
BROWNVILLE, M, 3607
WESTERN, M, 66
HOLDREGE, 235.6, 6
BENKELMAN 3.7 WNW, M, 3540
WAUNETA 10.0 SW, M, 3609
FAIRMONT 1.5 E, M, 3589
SHICKLEY 2.7 S, M, 3607
FAIRMONT 3.6 ENE, M, 3633
NAPONEE 0.1 NNE, M, 3475
INDIANOLA 9.5 N, M, 3593
ARAPAHOE 4.2 W, M, 3514
WILSONVILLE 9.1 SE, M, 3603
BEATRICE 1.0 NE, M, 3626
ODELL 4.3 WSW, M, 3643
LIBERTY 3.1 SW, M, 3646
WILBER 6.9 E, M, 3647
OSHKOSH 5.2 W, M, 3579
BERTRAND 9.2 SSW, M, 3499
ARAPAHOE 6.9 NW, M, 3624
WOOD RIVER 0.2 NNE, M, 3592
WOOD RIVER 5.2 SSE, M, 3467
KENESAW 6.1 NNW, M, 3616
HORDVILLE 1.5 S, M, 3595
MARQUETTE 3.2 E, M, 3593
STAMFORD 1.9 E, M, 3561
MAYWOOD 12.4 WSW, M, 3556
CULBERTSON 6.0 WNW, M, 3641
STRATTON 5.7 NNW, M, 3571
TRENTON 3.9 W, M, 3604
CULBERTSON 3.8 SW, M, 3650
MULLEN 11.9 SSW, M, 3505
THEDFORD 23 N, M, 3645
DILLER 0.2 NW, M, 3646
HEARTWELL 3.7 S, M, 3595
MINDEN 0.4 ESE, M, 3530
OGALLALA 8.3 ESE, M, 3608
PAXTON 4.2 NNE, M, 3525
PAXTON 11.1 N, M, 3581
KIMBALL 5.8 NE, M, 3576
MERRIMAN, M, 340
FRANKLIN 2, M, 34
NENZEL 23 SSW, M, 3315
OVERTON 3 W, M, 1580
BEATRICE 1N, 205.5, 9
CRAWFORD, M, 1712
GENOA, M, 3620
CROFTON, 343.0, 2
PAPILLION, M, 2392
STAPLETON 5 W, M, 11
NEBRASKA CITY 2, M, 3645
ALLEN, M, 3354
PLATTE CTR, M, 798
OXFORD 7 NW, M, 102
BELLEVUE, M, 1640
LINDSAY, M, 1983
SHICKLEY 4 S, M, 38
ROYAL 2SE, M, 210
VALLEY 1 WNW, M, 33
SHELBY 3 NE, M, 35
SPRINGFIELD 7 E, M, 728
RULO 2W, M, 94
COZAD, M, 3624
HADAR #2, M, 1990
NICKERSON 5 NW, M, 1454
GRAND ISLAND, M, 999
PARKS 17N, M, 805
TRYON 15 NW, M, 3624
GRETNA 4 NE, M, 879
HYANNIS 5N, M, 981
ASHBY 20 SSW, M, 3360
MAX 13N, M, 943
DANNEBROG #2, M, 1062
IMPERIAL 13 N, M, 3028
KILGORE 1 NE, M, 1305
NORTH PLATTE 10 S, M, 1830
VALENTINE #1, M, 1552
NORFOLK 4W, M, 1141
GERING 1 NW, M, 3616
LODGEPOLE 8N, M, 1401
SWAN LAKE, M, 1496
MC COOK, M, 75
NORFOLK KARL STEFAN AP, 251.0, 1
CLAY CTR, M, 128
LEWELLEN, 223.2, 7
OSHKOSH 8 SW, M, 26
FULLERTON, M, 127
LOUP CITY 6 NNE, M, 829
BENNINGTON 3 WSW, M, 582
FREMONT, M, 12
WOLBACH, M, 96
ARCADIA, M, 45
BROKEN BOW 2 W, M, 94
ARNOLD, M, 351
OSHKOSH, M, 39
DALTON, M, 96
NORTH BEND, M, 3637
SCHUYLER, M, 16
COLUMBUS 3 NE, M, 13
GENOA 2 W, 265.8, 4
NICKERSON 4 NW, M, 3047
NORTH LOUP, 301.5, 1
OSHKOSH 10 NE, M, 3615
LISCO, M, 99
BLAIR, M, 1043
GREELEY, M, 49
COMSTOCK, M, 1135
ARTHUR, 222.2, 4
ORD #2, M, 39
SARGENT, M, 133
ANSELMO 2 SE, M, 26
ORD EVELYN SHARP FLD, M, 3228
ALBION, M, 120
BRIDGEPORT, M, 45
HARRISBURG 12WNW, 412.9, 8
UEHLING, M, 1236
DODGE, M, 11
HOWELLS, 232.8, 3
CLARKSON, M, 364
CRESTON, M, 3642
TEKAMAH, M, 95
LORETTO 7W, 321.6, 4
TAYLOR, 294.8, 6
CRESCENT LAKE, M, 76
WEST POINT, 274.5, 7
MADISON 2W, M, 59
ERICSON 6 WNW, M, 131
BARTLETT 1S, M, 262
SCOTTSBLUFF HEILIG AP, M, 63
LYONS, M, 14
LYMAN, M, 83
BEEMER, M, 1401
STANTON, M, 738
ELGIN, M, 29
BREWSTER, M, 1269
MITCHELL 5 E, M, 1539
WILBER 7.0 WSW, M, 3624
SWANTON 52.2 E, M, 3648
SCOTTSBLUFF 16.4 WNW, M, 3530
GERING 3.9 S, M, 3538
TOBIAS 5.0 SSW, M, 3628
THEDFORD 6.8 W, M, 3632
COMSTOCK 7.8 ENE, M, 3597
YORK 3.5 NNE, M, 3602
LOUP CITY 0.3 NW, M, 3476
ELSIE 16.4 S, M, 3628
FAIRMONT 0.2 SSE, M, 3445
FAIRBURY 8.1 W, M, 3622
DIX 3.9 NNW, M, 3624
DORCHESTER 4.5 SSE, M, 3630
DEWITT 4.6 SSW, M, 3652
PILGER, M, 1134
MEADOW GROVE, M, 1617
HYANNIS, M, 2999
HADAR 1 SE, M, 3643
OAKDALE, 277.9, 4
CHAMBERS, M, 111
PURDUM, M, 252
MULLEN, M, 3503
ELLSWORTH, 313.0, 5
ALLIANCE MUNI AP, M, 3614
PENDER, M, 3626
PENDER #2, M, 3643
NELIGH, 326.6, 2
ALLIANCE, M, 508
WALTHILL, M, 89
WINSIDE, M, 1283
CLEARWATER, 265.7, 3
ROSE 10 WNW, M, 2231
ELSMERE, M, 150
WAYNE, M, 28
PIERCE, M, 38
AMELIA, M, 3653
EMERSON, M, 66
WAKEFIELD, 318.0, 0
EWING, M, 123
BROWNLEE, M, 2908
MULLEN 21 NW, M, 562
ELLSWORTH 15 NNE, M, 81
HOMER 3 NE, M, 150
RANDOLPH, 261.3, 0
ORCHARD 1 NW, M, 1365
NE NEBRASKA EXP STN, M, 2620
OSMOND, M, 59
PLAINVIEW, M, 1555
ELLSWORTH 24 NNE, M, 3595
HEMINGFORD, M, 29
LAUREL, M, 2018
AGATE 3 E, M, 36
CREIGHTON, M, 94
O NEILL, M, 260
COLERIDGE, M, 3649
HAY SPRINGS 12 S, M, 243
ATKINSON 3SW, M, 15
AINSWORTH, M, 46
VALENTINE NWR, M, 1241
HARTINGTON, M, 23
BLOOMFIELD, 310.7, 0
NEWPORT, 360.1, 1
NEWCASTLE, M, 38
HAY SPRINGS, M, 124
HARRISON, M, 220
RUSHVILLE, M, 195
NIOBRARA, M, 111
LYNCH, M, 90
SPENCER 5 SSE, M, 48
SPRINGVIEW, M, 375
GORDON 6 N, 383.3, 5
GAVINS POINT DAM, M, 3322
VALENTINE MILLER FLD, M, 35
BUTTE, M, 27
MINDEN 4.4 NW, M, 3529
WILCOX 0.3 SW, M, 3539
HILDRETH 1.0 NNW, M, 3491
OGALLALA 6.1 NNW, M, 3499
OGALLALA 1.7 W, M, 3449
OGALLALA 3.7 ESE, M, 3459
BRULE 10.1 NNE, M, 3551
DIX 0.1 NNE, M, 3502
KIMBALL 3.3 ENE, M, 3553
LINCOLN 2.7 SSW, M, 3453
NORTH PLATTE 6.6 SSW, M, 3538
HERSHEY 6.0 NW, M, 3447
NORTH PLATTE 1.5 WNW, M, 3503
BRADY 5.6 ENE, M, 3492
NORTH PLATTE 6.1 NE, M, 3565
NORTH PLATTE 0.9 ENE, M, 3500
NORTH PLATTE 5.4 SSE, M, 3579
SUTHERLAND 1.8 SW, M, 3608
NORTH PLATTE 6.2 NNE, M, 3571
PAXTON 6.1 W, M, 3564
SUTHERLAND 0.9 NW, M, 3523
SUTHERLAND 0.7 N, M, 3511
HERSHEY 5.6 NW, M, 3573
SUTHERLAND 7.8 WSW, M, 3560
NORTH PLATTE 1.8 WNW, M, 3497
WELLFLEET 7.6 NNE, M, 3644
STAPLETON 3.9 SSE, M, 3625
CHAPMAN 1.1 NE, M, 3436
CENTRAL CITY 6.8 NNE, M, 3577
PALMER 4.7 SSE, M, 3587
ST. LIBORY 4.0 ENE, M, 3569
BAYARD 13.5 NNE, M, 3478
BAYARD 5.4 ESE, M, 3457
BROADWATER 8.4 S, M, 3457
GENOA 2.7 WSW, M, 3439
PALMER 9.2 NE, M, 3649
FULLERTON 2.9 SE, M, 3614
LAWRENCE 0.1 W, M, 3398
NORA 1.5 N, M, 3444
RUSKIN 3.4 W, M, 3436
LAWRENCE 0.3 SSE, M, 3515
SUPERIOR 6.5 NE, M, 3607
OAK 0.1 SSW, M, 3599
EDGAR 1.9 SE, M, 3622
MILFORD 0.1 S, M, 3651
ARCADIA 9.7 SSE, M, 3542
HEBRON 6.6 S, M, 3592
DESHLER 3.8WSW, M, 3643
THEDFORD 1.2 WNW, M, 3623
HALSEY 1.7 W, M, 3618
STAPLETON 26.4 NW, M, 3648
THEDFORD 0.2 WSW, M, 3622
BLUE HILL 2.2 W, M, 3598
CAMPBELL 0.3 ESE, M, 3437
GUIDE ROCK 1.3 WSW, M, 3612
INAVALE 4.9 SSW, M, 3530
GUIDE ROCK 9.2 N, M, 3485
SPALDING 5.3 NW, M, 3636
YORK 0.6 NNE, M, 3507
GRESHAM 0.2 E, M, 3593
ARNOLD 0.3 SSE, M, 3554
GOTHENBURG 15.0 NNW, M, 3618
BERWYN 5.9 SSW, M, 3635
MERNA 5.0 WNW, M, 3614
EDDYVILLE 11.4 N, M, 3490
ANSELMO 11.5 SW, M, 3490
ANSELMO 2.2 WNW, M, 3629
ANSELMO 11.8 WSW, M, 3540
ANSELMO 9.2 NW, M, 3500
COZAD 7.2 E, M, 3435
LEXINGTON 1.1 E, M, 3431
GOTHENBURG 4.9 N, M, 3559
COZAD 4.4 S, M, 3473
GOTHENBURG 2.9 S, M, 3596
SUMNER 2.7 W, M, 3545
SUMNER 3.7 ESE, M, 3539
ELM CREEK 4.8 WNW, M, 3514
OVERTON 2.2 SE, M, 3544
CHAPPELL 7.8 E, M, 3628
CHAPPELL 2.7 NNE, M, 3561
CHAPPELL 6.6 WSW, M, 3644
OMAHA 11.2 WSW, M, 3653
BENKELMAN 0.3 NNW, M, 3595
PARKS 8.7 NNE, M, 3486
MAX 4.4 NNE, M, 3464
PARKS 16.4 N, M, 3619
PARKS 6.0 NW, M, 3469
MAX 4.6 WNW, M, 3610
WAUNETA 6.5 S, M, 3632
GENEVA 4.1 W, M, 3492
TOBIAS 2.1 WSW, M, 3592
OHIOWA 5.0 SW, M, 3565
RIVERTON 3.2 WSW, M, 3577
HILDRETH 4.5 SSE, M, 3492
UPLAND 2.3 SSW, M, 3459
HILDRETH 6.1 SW, M, 3547
WILCOX 6.1 S, M, 3599
UPLAND 5.4 SSE, M, 3455
CURTIS 6.5 SE, M, 3474
CURTIS 0.6 W, M, 3454
BARTLEY 8.5 NNW, M, 3457
MAYWOOD 0.1 NNW, M, 3630
CURTIS 0.1 S, M, 3598
EUSTIS 4.1 WNW, M, 3609
OXFORD 3.6 NW, M, 3569
BEAVER CITY 6.0 S, M, 3610
BEAVER CITY 4.7 SW, M, 3577
BEAVER CITY 3.4 W, M, 3538
BEAVER CITY 0.4 SE, M, 3653
GLENVIL 2.3 WSW, M, 3478
JUNIATA 6.9 WSW, M, 3606
HASTINGS 5.3 NNW, M, 3516
JUNIATA 4.8 NNE, M, 3479
JUNIATA 2.9 WNW, M, 3586
SAINT EDWARD 7.3 WSW, M, 3612
ALBION 3.5 S, M, 3579
KEARNEY 1.8 WNW, M, 3431
KEARNEY 0.9 SW, M, 3520
MILLER 0.5 SE, M, 3447
RAVENNA 3.3 SE, M, 3539
RAVENNA 5.3 SW, M, 3506
SHELTON 0.5 SSE, M, 3627
GIBBON 0.2 WNW, M, 3635
ELM CREEK 2.2 WSW, M, 3495
KEARNEY 2.0 NW, M, 3630
RISING CITY 2.4 ESE, M, 3546
BRAINARD 1.8 SSE, M, 3475
IMPERIAL 0.1 SW, M, 3531
ENDERS 3.0 W, M, 3550
IMPERIAL 7.6 S, M, 3446
CHAMPION 5.2 WNW, M, 3493
CHAMPION 8.3 W, M, 3603
VENANGO 8.9 SE, M, 3579
LAMAR 3.4 S, M, 3531
WAUNETA 2.8 W, M, 3563
IMPERIAL 11.5 N, M, 3596
CHAMPION 3.7 SSE, M, 3624
CHAMPION 0.0 WNW, M, 3644
GURLEY 6.0 SE, M, 3425
SIDNEY 7.2 S, M, 3582
SIDNEY 1.2 SSE, M, 3523
GURLEY 9.1 E, M, 3432
DALTON 14.6 E, M, 3445
POTTER 1.1 ESE, M, 3446
GURLEY 1.3 W, M, 3591
SIDNEY 0.9 NNW, M, 3471
DALTON 0.6 S, M, 3594
SIDNEY 8.1 SSE, M, 3529
LODGEPOLE 5.7 S, M, 3605
SIDNEY 7.3 W, M, 3595
EDGAR 4.2 ESE, M, 3430
CLAY CENTER 2.8 W, M, 3541
EDGAR 2.4 NW, M, 3591
CLAY CENTER 4.8 SSE, M, 3483
HASTINGS 6.1 ENE, M, 3570
DEWEESE 3.5 SSE, M, 3456
LAWRENCE 6.7 SSE, M, 3588
HARDY 3.0 NW, M, 3449
GUIDE ROCK 7.7 ESE, M, 3503
SUPERIOR 8.4 NW, M, 3573
HARDY 4.3 E, M, 3451
STEINAUER 6.4 W, M, 3623
BIG SPRINGS 7.6 S, M, 3613
GRANT 0.5 NE, M, 3486
GRANT 3.2 N, M, 3602
GRANT 8.6 NNE, M, 3551
GRANT 2.5 S, M, 3474
MADRID 6.6 NW, M, 3478
ELSIE 9.7 SSE, M, 3590
GRANT 4.1 ENE, M, 3612
ELSIE 3.9 NE, M, 3634
WALLACE 8.7 WSW, M, 3550
GRANT 7.5 WSW, M, 3617
WILCOX 1.1 NNW, M, 3631
FUNK 2.4 NNE, M, 3547
FUNK 12.5 N, M, 3490
COLUMBUS 4.3 SW, M, 3631
COLUMBUS 3.7 ENE, M, 3505
STROMSBURG 0.9 E, M, 3506
STROMSBURG 1.6 SE, M, 3476
MCCOOK 5.4 SW, M, 3461
MCCOOK 5.7 W, M, 3599
INDIANOLA 2.2 NW, M, 3614
BARTLEY 9.8 SSE, M, 3569
BARTLEY 6.0 SSE, M, 3544
MCCOOK 12.8 SSE, M, 3543
DANBURY 0.5 W, M, 3544
CAMBRIDGE 3.5 N, M, 3567
MILFORD 5.9 SSE, M, 3587
WESTERN 1.2 SE, M, 3612
DEWITT 0.3 WNW, M, 3612
TOBIAS 1.8 E, M, 3627
WESTERN 5.1 NNW, M, 3609
FRIEND 4.8 SSE, M, 3613
TOBIAS 4.7 SSW, M, 3478
DORCHESTER 2.1 NW, M, 3612
LYMAN 7.9 SE, M, 3504
MORRILL 5.7 SSW, M, 3470
GERING 7.3 S, M, 3456
SCOTTSBLUFF 2.7 WNW, M, 3613
GERING 0.4 E, M, 3473
LYMAN 8.5 SE, M, 3590
SCOTTSBLUFF 6.6 NE, M, 3464
GRESHAM 6.2 E, M, 3559
PLEASANT DALE 2.5 NNW, M, 3426
SEWARD 4.7 NE, M, 3599
GRESHAM 3.5 ESE, M, 3486
LITCHFIELD 4.4 N, M, 3561
LITCHFIELD 7.5 S, M, 3592
ROCKVILLE 2.2 NW, M, 3454
ARCADIA 7.3 SE, M, 3493
LOUP CITY 2.3 W, M, 3494
MITCHELL 4.7 NNW, M, 3592
DAVENPORT 0.1 W, M, 3396
CARLETON 2.2 E, M, 3580
DESHLER 4.7 SSW, M, 3576
DAVENPORT 6.0 SE, M, 3586
DAVENPORT 0.5 E, M, 3615
CHESTER 3.4 NE, M, 3606
GILEAD 0.6 WNW, M, 3630
REYNOLDS 4.0 SW, M, 3506
HEBRON 6.6 ESE, M, 3432
THEDFORD 0.3 E, M, 3603
ORD 6.8 SSE, M, 3451
ELYRIA 4.8 SW, M, 3550
ORD 9.0 NW, M, 3535
ARCADIA 4.4 E, M, 3542
ARCADIA 1.7 W, M, 3561
BLADEN 1.7 ESE, M, 3591
LAWRENCE 4.2 WSW, M, 3459
RED CLOUD 1.1 N, M, 3579
BLADEN 4.4 SW, M, 3523
BARTLETT 8.6 NW, M, 3508
BARTLETT 9 NE, M, 3528
BARTLETT 11.4 E, M, 3542
YORK 1.0 E, M, 3518
BENEDICT 3.5 W, M, 3566
MCCOOL JUNCTION 0.2 WNW, M, 3419
YORK 1.9 SSE, M, 3538
WACO 3.6 E, M, 3579
STROMSBURG 6.8 SE, M, 3484
YORK 3.3 WNW, M, 3481
WACO 4.3 SE, M, 3477
DALTON 4.5 WSW, M, 3577
SIDNEY 0.7 S, M, 3579
POTTER 12.5 NNW, M, 3638
CHAPPELL 8.7 ENE, M, 3601
HAIGLER 21.1 NNE, M, 3625
PHILLIPS 6.3 ENE, M, 3569
ORLEANS 6.2 WNW, M, 3575
WALLACE 9.9 S, M, 3545
HERSHEY 2.7 SSW, M, 3638
ROSELAND 5.2 SW, M, 3619
HASTINGS 3.7 N, M, 3538
HARRISBURG 9.5 NE, M, 3617
DUNNING 9.4 ENE, M, 3616
DUNNING 8.2 WSW, M, 3644
HALSEY 0.2 ENE, M, 3635
PURDUM 7.5 ESE, M, 3584
DUNNING 16.9 N, M, 3648
ALBION 12.9 WNW, M, 3627
ALBION 1.0 ESE, M, 3619
KEARNEY 5.8 NNW, M, 3525
RAVENNA 6.6 SE, M, 3611
GIBBON 8.6 NW, M, 3560
SHELBY 5.7 SE, M, 3441
IMPERIAL 9.4 NE, M, 3620
WAUNETA 17.0 NNW, M, 3581
IMPERIAL 1.3 ENE, M, 3480
WAUNETA 6.3 N, M, 3583
WAUNETA 5.0 S, M, 3637
SIDNEY 6.8 W, M, 3423
DALTON 3.2 WSW, M, 3517
SIDNEY 1.5 SE, M, 3536
POTTER 12.0 N, M, 3602
LODGEPOLE 1.2 NE, M, 3644
SIDNEY 8.5 N, M, 3625
GLENVIL 0.7 ENE, M, 3430
HARVARD 5.0 NW, M, 3593
SARGENT 4.8 W, M, 3436
MERNA 3.7 NE, M, 3498
ANSELMO 6.0 NW, M, 3635
OVERTON 3.1 NNW, M, 3625
COZAD 2.9 WNW, M, 3571
COZAD 18.2 ESE, M, 3575
COZAD 23.8 ESE, M, 3574
BARNESTON 0.3 N, M, 3626
WYMORE 8.1 SSW, M, 3605
CORTLAND 0.3 SSE, M, 3649
FILLEY 0.4 NNW, M, 3634
BLUE SPRINGS 1.7 ESE, M, 3646
BURWELL 1.6 ENE, M, 3466
BURWELL 20.4 NNE, M, 3599
ARAPAHOE 9.8 NNE, M, 3505
SPALDING 0.1 ESE, M, 3481
SCOTIA 3.0 SSE, M, 3635
SCOTIA 4.0 E, M, 3601
GRAND ISLAND 1.8 W, M, 3522
GRAND ISLAND 2.3 W, M, 3477
GRAND ISLAND 1.1 NNW, M, 3504
GRAND ISLAND 5.0 SSW, M, 3424
DONIPHAN 3.7 ENE, M, 3533
CAIRO 2.5 N, M, 3433
GRAND ISLAND 6.7 NNE, M, 3469
DONIPHAN 2.3 W, M, 3474
CAIRO 0.3 W, M, 3463
WOOD RIVER 4.0 NNE, M, 3612
GRAND ISLAND 0.8 NNE, M, 3527
GRAND ISLAND 8.2 SW, M, 3574
WOOD RIVER 4.9 WSW, M, 3567
WOOD RIVER 5.5 NE, M, 3591
GRAND ISLAND 19.4 W, M, 3602
GRAND ISLAND 1.9 NW, M, 3451
HAMPTON 0.8 ENE, M, 3430
HAMPTON 2.6 ESE, M, 3572
AURORA 1.0 ESE, M, 3529
HAMPTON 0.3 E, M, 3607
GILTNER 1.1 NW, M, 3648
HORDVILLE 3.5 SE, M, 3613
ALMA 0.1 NNW, M, 3542
REPUBLICAN CITY 1.7 NW, M, 3462
HAYES CENTER 6.2 ESE, M, 3464
ELSIE 13.7 SE, M, 3492
HAYES CENTER 0.0 WSW, M, 3556
WAUNETA 5.1 E, M, 3613
HAYES CENTER 5.1 ENE, M, 3467
CULBERTSON 10.1 SSE, M, 3523
STRATTON 3.0 NNW, M, 3489
MULLEN 0.2 ENE, M, 3616
MULLEN 9.7 SW, M, 3585
MULLEN 4.0 SE, M, 3626
ST. PAUL 0.5 ENE, M, 3507
ELBA 2.5 W, M, 3529
BOELUS 0.1 ESE, M, 3624
DILLER 5.6 S, M, 3420
FAIRBURY 8.7 WSW, M, 3534
FAIRBURY 11.4 NW, M, 3559
FAIRBURY 8.8 WNW, M, 3522
FAIRBURY 8.0 NNW, M, 3423
STEELE CITY 1.8 NW, M, 3450
PLYMOUTH 0.1 NW, M, 3620
DAYKIN 1.2 SW, M, 3643
EDDYVILLE 0.0 NW, M, 3599
CHAPPELL 0.3 W, M, 3493
CHAPPELL 0.4 SSE, M, 3588
MAX 0.2 W, M, 3607
BENKELMAN 12.2 NNW, M, 3467
WAUNETA 8.9 S, M, 3592
FRANKLIN 0.3 WNW, M, 3612
FRANKLIN 0.9 NE, M, 3498
CAMBRIDGE 1.5 NNE, M, 3529
EDISON 6.7 SSW, M, 3583
STAMFORD 5.7 SW, M, 3608
HOLBROOK 6.0 S, M, 3603
BEATRICE 7.2 WNW, M, 3639
PICKRELL 2.8 ESE, M, 3641
OSHKOSH 10.9 WSW, M, 3623
OSHKOSH 0.5 N, M, 3474
BURWELL 20.1 NE, M, 3461
BURWELL 5.8 NNE, M, 3633
ELWOOD 23.0 SE, M, 3470
WHITMAN 16.1 SSE, M, 3615
ASHBY 6.2 WSW, M, 3638
WOLBACH 6.4 NW, M, 3618
GRAND ISLAND 0.6 WNW, M, 3604
AURORA 6.5 NNE, M, 3621
ALMA 0.3 NW, M, 3612
ALMA 2.3 NNE, M, 3491
ORLEANS 0.1 SE, M, 3462
TRENTON 3.2 NW, M, 3575
CULBERTSON 2.3 E, M, 3492
STRATTON 7.9 N, M, 3596
STRATTON 1.4 ESE, M, 3481
MINDEN 7.8 NE, M, 3569
AXTELL 2.2 E, M, 3541
OGALLALA 5.8 NE, M, 3591
PAXTON 5.6 SW, M, 3594
BRULE 0.3 E, M, 3493
KIMBALL 0.9 ESE, M, 3481
KIMBALL 0.2 WNW, M, 3618
KIMBALL 5.7 W, M, 3532
DIX 13.0 S, M, 3549
KIMBALL 3.3 W, M, 3632
KIMBALL 7.9 NW, M, 3618
KIMBALL 8.1 WNW, M, 3594
POTTER 7.3 SW, M, 3647
NORTH PLATTE 1.6 W, M, 3594
CURTIS 10.3 NNW, M, 3475
BRADY 0.2 ESE, M, 3594
NORTH PLATTE 12.2 SW, M, 3554
NORTH PLATTE 1.6 N, M, 3491
NORTH PLATTE 8.9 S, M, 3505
TRYON 5.9 NE, M, 3630
CENTRAL CITY 0.8 SSE, M, 3485
CLARKS 2.4 ENE, M, 3455
CENTRAL CITY 8.0 NNW, M, 3625
GRAND ISLAND 3.6 E, M, 3636
MINATARE 9.7 ENE, M, 3557
BRIDGEPORT 3.1 NNW, M, 3600
BRIDGEPORT 4.0 SE, M, 3592
MADRID 0.2 SE, M, 3563
MADRID 6.8 SW, M, 3614
ELSIE 0.1 NE, M, 3608
HOLDREGE 0.5 W, M, 3568
HOLDREGE 0.6 NNE, M, 3568
ELM CREEK 6.3 S, M, 3524
COLUMBUS 1.0 NW, M, 3536
OSCEOLA 0.4 SSW, M, 3575
OSCEOLA 0.7 SSW, M, 3633
MCCOOK 0.6 NW, M, 3629
MCCOOK 0.7 ESE, M, 3455
INDIANOLA 1.4 SSE, M, 3509
WILSONVILLE 6.7 WSW, M, 3546
INDIANOLA 3.4 W, M, 3469
CERESCO 5.0 WNW, M, 3564
MINATARE 4.1 ENE, M, 3523
GERING 9.0 SSW, M, 3489
MINATARE 10.5 N, M, 3504
SCOTTSBLUFF 2.6 ENE, M, 3473
MITCHELL 3.1 N, M, 3622
UTICA 2.5 N, M, 3424
SEWARD 2.5 SSW, M, 3502
MILFORD 0.4 WNW, M, 3595
